-100.0,0.7144335357571172
-99.8,1.0567098333812266
-99.6,1.872566207130446
-99.39999999999999,4.374454360311948
-99.19999999999999,16.388941087446753
-98.99999999999999,629.1565984859923
-98.79999999999998,37.7583482578081
-98.59999999999998,6.488251010039438
-98.39999999999998,2.0394557654268572
-98.19999999999997,0.7116773233061587
-97.99999999999997,0.22688449758621998
-97.79999999999997,0.05392185411899402
-97.59999999999997,0.005819635099795281
-97.39999999999996,6.06624955680917E-7
-97.19999999999996,-0.0028438954257384826
-96.99999999999996,-0.0215394484573315
-96.79999999999995,-0.07299898312386995
-96.59999999999995,-0.21161567088547442
-96.39999999999995,-0.6756926171030915
-96.19999999999995,-2.7521139994579915
-95.99999999999994,-20.367205404872475
-95.79999999999994,-3006.4792485298626
-95.59999999999994,-30.611600682775997
-95.39999999999993,-10.666832478671614
-95.19999999999993,-5.636215979232219
-94.99999999999993,-3.3235108887997455
-94.79999999999993,-1.9383140070796432
-94.59999999999992,-1.0049438523711636
-94.39999999999992,-0.35486305867019285
-94.19999999999992,0.09112171548063655
-93.99999999999991,0.3917337816609869
-93.79999999999991,0.6177522339163789
-93.59999999999991,0.8849214520475831
-93.3999999999999,1.4340654085864233
-93.1999999999999,2.9536185624466356
-92.9999999999999,8.666466182095995
-92.7999999999999,64.98888223931382
-92.5999999999999,167.536279361247
-92.39999999999989,11.803958852307934
-92.19999999999989,3.2096568383033097
-91.99999999999989,1.104270536762956
-91.79999999999988,0.3730837625945415
-91.59999999999988,0.10351618163778767
-91.39999999999988,0.017301746856548113
-91.19999999999987,4.5431454453090034E-4
-90.99999999999987,-5.401303619596539E-4
-90.79999999999987,-0.01098847367046173
-90.59999999999987,-0.04577958699820906
-90.39999999999986,-0.1357294157716882
-90.19999999999986,-0.4080588847338962
-89.99999999999986,-1.473167760991438
-89.79999999999986,-7.790190429237106
-89.59999999999985,-209.5060405883106
-89.39999999999985,-69.98208624311678
-89.19999999999985,-15.186288401206326
-88.99999999999984,-7.179864410380737
-88.79999999999984,-4.122659154271574
-88.59999999999984,-2.4435907572751665
-88.39999999999984,-1.3523277378588112
-88.19999999999983,-0.5968505975179075
-87.99999999999983,-0.07337008067086132
-87.79999999999983,0.2804065979825742
-87.59999999999982,0.5269363118854843
-87.39999999999982,0.7578872176589496
-87.19999999999982,1.1452072998094511
-86.99999999999982,2.1132943719363437
-86.79999999999981,5.229330520790269
-86.59999999999981,22.492775395079576
-86.3999999999998,25996.40121524216
-86.1999999999998,25.398564762047403
-85.9999999999998,5.235460706171361
-85.7999999999998,1.7070135173355108
-85.5999999999998,0.5936378783987767
-85.39999999999979,0.18321527358658257
-85.19999999999979,0.0401411545426367
-84.99999999999979,0.003330958289060129
-84.79999999999978,-5.947255426079341E-6
-84.59999999999978,-0.00451605581995271
-84.39999999999978,-0.027225603081813068
-84.19999999999978,-0.08744382347959369
-83.99999999999977,-0.25437994737741293
-83.79999999999977,-0.8376431123429618
-83.59999999999977,-3.6254696938058277
-83.39999999999976,-33.23067806710039
-83.19999999999976,-405.99906926795666
-82.99999999999976,-24.127149322431883
-82.79999999999976,-9.430454483160135
-82.59999999999975,-5.139152193365394
-82.39999999999975,-3.0455946425738123
-82.19999999999975,-1.7563231517432898
-81.99999999999974,-0.8785533194996968
-81.79999999999974,-0.2672380438343593
-81.59999999999974,0.15020217682179984
-81.39999999999974,0.43259448070816414
-81.19999999999973,0.6555114185674477
-80.99999999999973,0.9475727350951542
-80.79999999999973,1.588876500897877
-80.59999999999972,3.435487773039343
-80.39999999999972,10.99046908469017
-80.19999999999972,124.04033173406839
-79.99999999999972,80.52143075411927
-79.79999999999971,9.136768634824286
-79.59999999999971,2.6639843707658586
-79.39999999999971,0.9256227106361448
-79.1999999999997,0.3065802974493579
-78.9999999999997,0.0804525476783119
-78.7999999999997,0.011577329024367615
-78.5999999999997,1.1585322015008808E-4
-78.3999999999997,-0.0011954861643461699
-78.19999999999969,-0.014704100879757341
-77.99999999999969,-0.05553353438834205
-77.79999999999968,-0.16219455612725808
-77.59999999999968,-0.49819876045046557
-77.39999999999968,-1.8805996532785978
-77.19999999999968,-11.130011856461808
-76.99999999999967,-978.238217772988
-76.79999999999967,-47.44436888328593
-76.59999999999967,-13.035955830474295
-76.39999999999966,-6.492143034061529
-76.19999999999966,-3.7780522545298094
-75.99999999999966,-2.2290953304130983
-75.79999999999966,-1.2056169485073298
-75.59999999999965,-0.49451603576741104
-75.39999999999965,-0.0035589448082644203
-75.19999999999965,0.3273986936857672
-74.99999999999964,0.5636010828904852
-74.79999999999964,0.8053061016192509
-74.59999999999964,1.2483714381665307
-74.39999999999964,2.4042935974114332
-74.19999999999963,6.337153666703582
-73.99999999999963,32.52438947798547
-73.79999999999963,1328.1478563369917
-73.59999999999962,18.103543073417715
-73.39999999999962,4.270286801880537
-73.19999999999962,1.4309239498268318
-72.99999999999962,0.4935440462909457
-72.79999999999961,0.1466126605465805
-72.59999999999961,0.029190806236180453
-72.39999999999961,0.0017080585625937161
-72.1999999999996,-8.588475100861794E-5
-71.9999999999996,-0.006703631314217833
-71.7999999999996,-0.03388546193389225
-71.5999999999996,-0.1045095933268822
-71.3999999999996,-0.3069256252092604
-71.19999999999959,-1.0460101934660881
-70.99999999999959,-4.859103386351748
-70.79999999999959,-60.158183897808335
-70.59999999999958,-159.75558517799342
-70.39999999999958,-19.656066595637217
-70.19999999999958,-8.405974717183897
-69.99999999999957,-4.695983543952392
-69.79999999999957,-2.7887680363093676
-69.59999999999957,-1.5855071193702153
-69.39999999999957,-0.7595561629405349
-69.19999999999956,-0.18506992125845104
-68.99999999999956,0.20542713337971566
-68.79999999999956,0.4716655300483805
-68.59999999999955,0.694940095858699
-68.39999999999955,1.0191385021977313
-68.19999999999955,1.773121785721057
-67.99999999999955,4.03700420135358
-67.79999999999954,14.305554655854811
-67.59999999999954,320.5162343341056
-67.39999999999954,46.844871962475004
-67.19999999999953,7.21516115602765
-66.99999999999953,2.2205785851097937
-66.79999999999953,0.7747818958913308
-66.59999999999953,0.25035412148474123
-66.39999999999952,0.06157633795063398
-66.19999999999952,0.007368050168420074
-65.99999999999952,9.615672804060008E-6
-65.79999999999951,-0.0022151724142653144
-65.59999999999951,-0.019153205083301872
-65.39999999999951,-0.06693457396059499
-65.1999999999995,-0.19416345072434996
-64.9999999999995,-0.6117533900388148
-64.7999999999995,-2.4277728456301806
-64.5999999999995,-16.563085628105178
-64.3999999999995,-143219.5668870829
-64.19999999999949,-34.775194281907496
-63.99999999999949,-11.34602260001586
-63.799999999999486,-5.893633374224786
-63.59999999999948,-3.4633374815849467
-63.39999999999948,-2.028694183830736
-63.19999999999948,-1.067506582673002
-62.999999999999474,-0.39834432232106554
-62.79999999999947,0.06171480487439864
-62.59999999999947,0.37163828657703957
-62.399999999999466,0.6002347879682547
-62.19999999999946,0.8578594919324304
-61.99999999999946,1.3694079652036448
-61.79999999999946,2.758748658055898
-61.599999999999454,7.802965721149113
-61.39999999999945,50.71973743091382
-61.19999999999945,267.0520181195262
-60.999999999999446,13.4424793054637
-60.79999999999944,3.5124519995921553
-60.59999999999944,1.2002047843151393
-60.39999999999944,0.4086505797054442
-60.199999999999434,0.11609447305870543
-59.99999999999943,0.020632914060313787
-59.79999999999943,7.393832394053233E-4
-59.599999999999426,-3.3672159309120836E-4
-59.39999999999942,-0.00946414154587341
-59.19999999999942,-0.04165954249321613
-58.99999999999942,-0.12479096605631947
-58.799999999999415,-0.37194075670725035
-58.59999999999941,-1.31685503472485
-58.39999999999941,-6.652913225840916
-58.199999999999406,-130.26416831242818
-57.9999999999994,-87.48952051973839
-57.7999999999994,-16.4201478487941
-57.5999999999994,-7.54298516848816
-57.399999999999395,-4.297710406910625
-57.19999999999939,-2.550535398456126
-56.99999999999939,-1.4249820383182294
-56.799999999999386,-0.6475557860186337
-56.59999999999938,-0.10809134548897385
-56.39999999999938,0.2570919706428515
-56.19999999999938,0.5093958086949215
-55.999999999999375,0.7368792497451901
-55.79999999999937,1.101640858548763
-55.59999999999937,1.9936975874882554
-55.399999999999366,4.797816886097131
-55.19999999999936,19.254828381738548
-54.99999999999936,2041.0228841660023
-54.79999999999936,30.38233177815173
-54.599999999999355,5.786630459636698
-54.39999999999935,1.856637011199583
-54.19999999999935,0.6471135037000186
-53.999999999999346,0.20294976700374928
-53.79999999999934,0.04628580686319593
-53.59999999999934,0.004387684702602798
-53.39999999999934,-1.7583389223103109E-7
-53.199999999999335,-0.003663405905831314
-52.99999999999933,-0.02441875651175658
-52.79999999999933,-0.08030734891642896
-52.599999999999326,-0.23304680235336847
-52.399999999999324,-0.7559498782112397
-52.19999999999932,-3.175635873899635
-51.99999999999932,-26.086577003678457
-51.799999999999315,-815.7099677464076
-51.59999999999931,-26.87858891111131
-51.39999999999931,-9.98577252129736
-51.19999999999931,-5.367199585072475
-50.999999999999304,-3.1744123440872865
-50.7999999999993,-1.8410596424728094
-50.5999999999993,-0.9374630468147532
-50.399999999999295,-0.3080395282478843
-50.19999999999929,0.1227204220519142
-49.99999999999929,0.4134923764791078
-49.79999999999929,0.6374686243516756
-49.599999999999284,0.9169016391182702
-49.39999999999928,1.5122530440649902
-49.19999999999928,3.194302781256486
-48.999999999999275,9.79260764385532
-48.79999999999927,89.0592540978409
-48.59999999999927,110.33371415600823
-48.39999999999927,10.285965532413742
-48.199999999999264,2.9079698922163564
-47.99999999999926,1.0064368792850065
-47.79999999999926,0.3366958344779652
-47.599999999999255,0.09081331980077112
-47.39999999999925,0.014080621216356828
-47.19999999999925,2.3819132410695407E-4
-46.99999999999925,-8.438734686880217E-4
-46.799999999999244,-0.012857532931819812
-46.59999999999924,-0.050725870867291384
-46.39999999999924,-0.14904841514772788
-46.199999999999235,-0.45295572768814296
-45.99999999999923,-1.673060084681396
-45.79999999999923,-9.358809284132501
-45.59999999999923,-412.7473337559763
-45.399999999999224,-56.36105905795057
-45.19999999999922,-13.986622092678981
-44.99999999999922,-6.805479411189395
-44.799999999999216,-3.937243099709315
-44.59999999999921,-2.328831062886552
-44.39999999999921,-1.2739901986904592
-44.19999999999921,-0.5421936096762865
-43.999999999999204,-0.036038938576838604
-43.7999999999992,0.30550828767865856
-43.5999999999992,0.5462770366985108
-43.399999999999196,0.7822844670096939
-43.19999999999919,1.1974973321159912
-42.99999999999919,2.2594633375556885
-42.79999999999919,5.775366604755525
-42.599999999999184,27.102908968822472
-42.39999999999918,7559.180837008163
-42.19999999999918,21.126053522531922
-41.999999999999176,4.697387025141662
-41.79999999999917,1.5554189695533527
-41.59999999999917,0.5388973247818348
-41.39999999999917,0.16313216498014932
-41.199999999999164,0.034053021856802555
-40.99999999999916,0.0023827556345969647
-40.79999999999916,-3.238991373715199E-5
-40.599999999999156,-0.005599740794259706
-40.39999999999915,-0.03060189820928636
-40.19999999999915,-0.09606640374269657
-39.99999999999915,-0.2806676021843389
-39.799999999999145,-0.9406534677684145
-39.59999999999914,-4.219746787164922
-39.39999999999914,-44.68126243821336
-39.199999999999136,-233.97376528817358
-38.99999999999913,-21.58293235555365
-38.79999999999913,-8.868347861129413
-38.59999999999913,-4.899767468560532
-38.399999999999125,-2.9079391167558373
-38.19999999999912,-1.6650701986576224
-37.99999999999912,-0.8150165559181495
-37.799999999999116,-0.22332079649548986
-37.59999999999911,0.1797353538555431
-37.39999999999911,0.45335741710355926
-37.19999999999911,0.6760080711052657
-36.999999999999105,0.9840144232868757
-36.7999999999991,1.6817977735593892
-36.5999999999991,3.7350316386476123
-36.399999999999096,12.580504184552307
-36.19999999999909,193.4769936645781
-35.99999999999909,59.52039243940451
-35.79999999999909,8.05130294990435
-35.599999999999085,2.4194381085496555
-35.39999999999908,0.8430706358799978
-35.19999999999908,0.2757991940978111
-34.999999999999076,0.07003397844360834
-34.79999999999907,0.009191621279581768
-34.59999999999907,4.001134970728175E-5
-34.39999999999907,-0.0016826352035341425
-34.199999999999065,-0.016949819093897117
-33.99999999999906,-0.06131110646671377
-33.79999999999906,-0.17825614190475983
-33.599999999999056,-0.5546491910076626
-33.399999999999054,-2.147962048398245
-33.19999999999905,-13.639860685070005
-32.99999999999905,-5522.930167936009
-32.799999999999045,-39.97281545994705
-32.59999999999904,-12.098543086944012
-32.39999999999904,-6.167158502011057
-32.19999999999904,-3.6089373714187807
-31.999999999999037,-2.1219347764124556
-31.799999999999038,-1.1318776798772696
-31.59999999999904,-0.4431412444313918
-31.39999999999904,0.031350487229829936
-31.19999999999904,0.35100732734112805
-30.99999999999904,0.5828508714901229
-30.79999999999904,0.8322495997582722
-30.599999999999042,1.309628210706916
-30.399999999999043,2.581976905419996
-30.199999999999044,7.055461059016743
-29.999999999999044,40.62571254998306
-29.799999999999045,489.79440752047134
-29.599999999999046,15.411216662181845
-29.399999999999046,3.849408540702155
-29.199999999999047,1.3043999978005028
-28.999999999999048,0.44711390847725374
-28.79999999999905,0.12984574700510387
-28.59999999999905,0.02441326789506436
-28.39999999999905,0.001128980127958013
-28.19999999999905,-1.9094796612481615E-4
-27.99999999999905,-0.008081669841902853
-27.799999999999052,-0.037828632707125394
-27.599999999999053,-0.11474122907149703
-27.399999999999054,-0.3393947790877924
-27.199999999999054,-1.1795401296402945
-26.999999999999055,-5.716046972995789
-26.799999999999056,-87.67151410912278
-26.599999999999056,-113.301436391723
-26.399999999999057,-17.831568867990246
-26.199999999999058,-7.934112571305212
-25.99999999999906,-4.4812202989019925
-25.79999999999906,-2.661182153966162
-25.59999999999906,-1.4997730266216325
-25.39999999999906,-0.6997494032106455
-25.19999999999906,-0.14391748539781601
-24.999999999999062,0.2330484569527953
-24.799999999999063,0.4916641526724126
-24.599999999999064,0.7166466825151949
-24.399999999999064,1.061062352007425
-24.199999999999065,1.884197818055125
-23.999999999999066,4.414517123249245
-23.799999999999066,16.647771608907103
-23.599999999999067,689.3706034613575
-23.399999999999068,36.90758598274352
-23.19999999999907,6.413123289728556
-22.99999999999907,2.0202685654954506
-22.79999999999907,0.7049419549140175
-22.59999999999907,0.22438328653650058
-22.39999999999907,0.05311535991836395
-22.199999999999072,0.005662766771258841
-21.999999999999073,3.4983406849030914E-7
-21.799999999999073,-0.0029202614715736824
-21.599999999999074,-0.021817356061694253
-21.399999999999075,-0.07370443326590267
-21.199999999999076,-0.21366553223938162
-20.999999999999076,-0.6832877467714773
-20.799999999999077,-2.791412554319754
-20.599999999999078,-20.860606844138648
-20.39999999999908,-2513.289276038432
-20.19999999999908,-30.198903683279624
-19.99999999999908,-10.595170410964139
-19.79999999999908,-5.608438022563728
-19.59999999999908,-3.308257065431385
-19.399999999999082,-1.9284055487081608
-19.199999999999083,-0.9980759434723507
-18.999999999999083,-0.3500937486144151
-18.799999999999084,0.09434344164567596
-18.599999999999085,0.39394365784566104
-18.399999999999086,0.6197173909496928
-18.199999999999086,0.8880366169482405
-17.999999999999087,1.4415998673621864
-17.799999999999088,2.976572550361071
-17.59999999999909,8.770979395212802
-17.39999999999909,66.93809728053066
-17.19999999999909,160.01028287970954
-16.99999999999909,11.638446931244
-16.79999999999909,3.177808640701197
-16.599999999999092,1.0940499175625638
-16.399999999999093,0.3692872006412833
-16.199999999999093,0.10218243301440687
-15.999999999999094,0.016956402798412654
-15.799999999999095,4.2820184640559076E-4
-15.599999999999095,-5.667535317445357E-4
-15.399999999999096,-0.011167569750444726
-15.199999999999097,-0.046257979024466295
-14.999999999999098,-0.1370085785902997
-14.799999999999098,-0.41232795664676364
-14.599999999999099,-1.491910877947816
-14.3999999999991,-7.931744561672804
-14.1999999999991,-222.3652842711081
-13.999999999999101,-68.38443592437524
-13.799999999999102,-15.058294724650095
-13.599999999999103,-7.140966146550344
-13.399999999999103,-4.103631472747246
-13.199999999999104,-2.431884029631432
-12.999999999999105,-1.3443537360043807
-12.799999999999105,-0.5912860560465745
-12.599999999999106,-0.06956482851911974
-12.399999999999107,0.28296323573209947
-12.199999999999108,0.5288832022839921
-11.999999999999108,0.7602831409419326
-11.799999999999109,1.15026409207159
-11.59999999999911,2.12730708860394
-11.39999999999911,5.280781009514389
-11.199999999999111,22.901766118942383
-10.999999999999112,51053.25733290532
-10.799999999999113,24.916889251186582
-10.599999999999113,5.178136434051737
-10.399999999999114,1.691130287442437
-10.199999999999115,0.5879284571708068
-9.999999999999115,0.1811144052038576
-9.799999999999116,0.039496033105136524
-9.599999999999117,0.0032255488390484917
-9.399999999999118,-7.421209856726878E-6
-9.199999999999118,-0.004618208130756335
-8.999999999999119,-0.027551923868814294
-8.79999999999912,-0.08827506710902172
-8.59999999999912,-0.2568901374287836
-8.399999999999121,-0.8473696274589729
-8.199999999999122,-3.6802892405362484
-7.999999999999122,-34.185168887748816
-7.799999999999121,-380.9858563621739
-7.599999999999121,-23.84961809356826
-7.399999999999121,-9.37156038896199
-7.199999999999121,-5.114484312014688
-6.999999999999121,-3.031525423610694
-6.7999999999991205,-1.7470294223431926
-6.59999999999912,-0.8720865748580137
-6.39999999999912,-0.2627637689084772
-6.19999999999912,0.15321308879913828
-5.99999999999912,0.43469921966181724
-5.79999999999912,0.6575453458139846
-5.5999999999991195,0.9511135771045253
-5.399999999999119,1.5978184974424432
-5.199999999999119,3.4639766946780393
-4.999999999999119,11.13671879329561
-4.799999999999119,129.16564055355389
-4.599999999999119,77.9577963200716
-4.399999999999118,9.01941926079188
-4.199999999999118,2.638237487615748
-3.999999999999118,0.9170049089579486
-3.799999999999118,0.303367166675873
-3.5999999999991177,0.07935638033352838
-3.3999999999991175,0.011319754848218922
-3.1999999999991173,1.057018982134207E-4
-2.999999999999117,-0.0012396427476593407
-2.799999999999117,-0.014920090282092145
-2.599999999999117,-0.056092019190928495
-2.3999999999991166,-0.16373459091752335
-2.1999999999991164,-0.5035566400387091
-1.9999999999991165,-1.9055771598525333
-1.7999999999991165,-11.353366181880322
-1.5999999999991166,-1104.9148475146621
-1.3999999999991166,-46.594309177988976
-1.1999999999991167,-12.936570421449026
-0.9999999999991167,-6.4584692503801895
-0.7999999999991168,-3.7607209463678544
-0.5999999999991168,-2.2181701586858944
-0.3999999999991168,-1.1981117683204396
-0.19999999999911677,-0.4892847290934925
8.832379272405433E-13,-28.061278002778614
0.20000000000088325,-7.725925776560487
0.40000000000088326,-6.267118238736758
0.6000000000008833,-6.911716422585119
0.8000000000008833,-12.205512242143774
1.0000000000008833,NaN
1.2000000000008832,14.5913258712957
1.4000000000008832,8.81499306778012
1.6000000000008832,7.186401798530974
1.8000000000008831,6.556575681182956
2.0000000000008833,6.304201253964233
2.2000000000008835,6.226727514163468
2.4000000000008836,6.239993509026628
2.600000000000884,6.303554381177289
2.800000000000884,6.396002264979562
3.000000000000884,6.505209422185949
3.2000000000008844,6.6239588496381225
3.4000000000008845,6.747798754995778
3.6000000000008847,6.873911679237277
3.800000000000885,7.000483872290714
4.000000000000885,7.1263372714017414
4.200000000000885,7.2507065409249165
4.400000000000885,7.3730996532420505
4.600000000000885,7.493208367520332
4.800000000000885,7.6108495392603945
5.0000000000008855,7.725925776573539
5.200000000000886,7.838398747056434
5.400000000000886,7.94827075696788
5.600000000000886,8.055571940434847
5.800000000000886,8.160351215404928
6.000000000000886,8.262669934278376
6.200000000000887,8.362597305438126
6.400000000000887,8.460207181804627
6.600000000000887,8.555575731015976
6.800000000000887,8.648779793597837
7.000000000000887,8.739895739253859
7.2000000000008875,8.828998636116479
7.400000000000888,8.916161711606547
7.600000000000888,9.0014559752408
7.800000000000888,9.084949990262732
8.000000000000888,9.166709747705292
8.200000000000887,9.24679860041138
8.400000000000887,9.325277261086136
8.600000000000886,9.40220382382859
8.800000000000885,9.47763383789573
9.000000000000885,9.551620361188132
9.200000000000884,9.624214069726884
9.400000000000883,9.69546333602492
9.600000000000882,9.765414322076762
9.800000000000882,9.834111099278617
10.000000000000881,9.901595727565619
10.20000000000088,9.967908371032761
10.40000000000088,10.033087365043436
10.600000000000879,10.097169342353059
10.800000000000878,10.160189290268077
11.000000000000878,10.2221806597406
11.200000000000877,10.283175424487554
11.400000000000876,10.343204173524448
11.600000000000875,10.402296176643285
11.800000000000875,10.460479448980873
12.000000000000874,10.517780827744243
12.200000000000873,10.574226015880111
12.400000000000873,10.629839661029413
12.600000000000872,10.684645395042812
12.800000000000871,10.738665888757527
13.00000000000087,10.791922905708978
13.20000000000087,10.844437340514602
13.400000000000869,10.896229264109802
13.600000000000868,10.947317975968403
13.800000000000868,10.997722019809851
14.000000000000867,11.047459242886665
14.200000000000866,11.09654681280191
14.400000000000865,11.145001261119228
14.600000000000865,11.192838508084108
14.800000000000864,11.24007389172287
15.000000000000863,11.286722202952896
15.200000000000863,11.332797694612573
15.400000000000862,11.378314116890285
15.600000000000861,11.42328474859619
15.80000000000086,11.467722399245982
16.00000000000086,11.511639440650328
16.20000000000086,11.555047829331698
16.40000000000086,11.597959116358103
16.600000000000858,11.640384470339452
16.800000000000857,11.682334696570233
17.000000000000856,11.723820239303322
17.200000000000855,11.764851212643697
17.400000000000855,11.805437409351336
17.600000000000854,11.845588311243464
17.800000000000853,11.885313097013766
18.000000000000853,11.924620670029043
18.200000000000852,11.963519656467275
18.40000000000085,12.002018418696208
18.60000000000085,12.040125069180622
18.80000000000085,12.077847482056017
19.00000000000085,12.115193289426989
19.20000000000085,12.15216991191118
19.400000000000848,12.188784543427813
19.600000000000847,12.225044177240822
19.800000000000846,12.260955606294027
20.000000000000846,12.296525432891725
20.200000000000845,12.331760074135717
20.400000000000844,12.366665769870895
20.600000000000843,12.401248585737177
20.800000000000843,12.435514424200194
21.000000000000842,12.469469026339038
21.20000000000084,12.503117983792212
21.40000000000084,12.536466738195264
21.60000000000084,12.569520584749972
21.80000000000084,12.60228468102217
22.00000000000084,12.6347640581207
22.200000000000838,12.666963608311068
22.400000000000837,12.698888106994861
22.600000000000836,12.730542204137715
22.800000000000836,12.761930434876055
23.000000000000835,12.79305722269763
23.200000000000834,12.82392688182544
23.400000000000833,12.854543618692015
23.600000000000833,12.884911540365222
23.800000000000832,12.915034654759834
24.00000000000083,12.944916874539857
24.20000000000083,12.974562015929733
24.40000000000083,13.003973811787441
24.60000000000083,13.03315589957025
24.80000000000083,13.06211184086539
25.000000000000828,13.09084511176208
25.200000000000827,13.119359110009981
25.400000000000826,13.147657153591005
25.600000000000826,13.175742488796587
25.800000000000825,13.203618289487233
26.000000000000824,13.231287656342307
26.200000000000824,13.25875362477842
26.400000000000823,13.28601916567774
26.600000000000822,13.313087181093183
26.80000000000082,13.339960510476143
27.00000000000082,13.366641935413362
27.20000000000082,13.393134180215966
27.40000000000082,13.419439907313214
27.60000000000082,13.445561726064858
27.800000000000818,13.471502188957308
28.000000000000817,13.497263803810537
28.200000000000816,13.522849010893726
28.400000000000816,13.548260219555702
28.600000000000815,13.573499776128788
28.800000000000814,13.59856998864306
29.000000000000814,13.623473113760197
29.200000000000813,13.648211366029111
29.400000000000812,13.672786916335747
29.60000000000081,13.69720189039289
29.80000000000081,13.721458375237583
30.00000000000081,13.7455584193447
30.20000000000081,13.769504024664297
30.40000000000081,13.793297163021482
30.600000000000808,13.816939763449742
30.800000000000807,13.840433721256428
31.000000000000806,13.863780896315996
31.200000000000806,13.886983111164824
31.400000000000805,13.910042159061973
31.600000000000804,13.932959795775202
31.800000000000804,13.955737747790783
32.0000000000008,13.978377710104763
32.200000000000806,14.000881344399064
32.40000000000081,14.02325028530319
32.60000000000081,14.045486135487993
32.800000000000814,14.067590476345014
33.00000000000082,14.089564851512417
33.20000000000082,14.111410785752573
33.40000000000082,14.133129769060284
33.600000000000826,14.154723273537005
33.80000000000083,14.176192743481334
34.00000000000083,14.197539592908683
34.200000000000834,14.21876522154482
34.40000000000084,14.239870998208941
34.60000000000084,14.26085826890247
34.80000000000084,14.281728359464553
35.000000000000846,14.302482576311526
35.20000000000085,14.323122196457621
35.40000000000085,14.343648483614109
35.600000000000854,14.364062674635038
35.80000000000086,14.384365989608941
36.00000000000086,14.404559629173276
36.20000000000086,14.424644774310762
36.400000000000865,14.444622584355468
36.60000000000087,14.464494203090549
36.80000000000087,14.484260755880147
37.000000000000874,14.503923349497162
37.20000000000088,14.523483071410375
37.40000000000088,14.542940995109229
37.60000000000088,14.562298179730044
37.800000000000885,14.581555660023122
38.00000000000089,14.600714460448657
38.20000000000089,14.619775589458863
38.400000000000894,14.638740039367907
38.6000000000009,14.657608790837832
38.8000000000009,14.676382799537473
39.0000000000009,14.69506301965286
39.200000000000905,14.713650383147412
39.40000000000091,14.73214581121663
39.60000000000091,14.750550205695701
39.800000000000914,14.768864468419736
40.00000000000092,14.787089469853541
40.20000000000092,14.80522608327225
40.40000000000092,14.823275163275632
40.600000000000925,14.841237550143537
40.80000000000093,14.859114072578128
41.00000000000093,14.876905552266217
41.200000000000934,14.894612796565156
41.40000000000094,14.912236599205457
41.60000000000094,14.929777742264509
41.80000000000094,14.947237002134173
42.000000000000945,14.964615139531375
42.20000000000095,14.98191290680741
42.40000000000095,14.999131045162795
42.60000000000095,15.016270286283635
42.800000000000956,15.033331349708133
43.00000000000096,15.050314944611578
43.20000000000096,15.06722177849782
43.400000000000965,15.084052539234234
43.60000000000097,15.100807910191326
43.80000000000097,15.117488565579974
44.00000000000097,15.134095171130948
44.200000000000976,15.150628380587817
44.40000000000098,15.167088840945533
44.60000000000098,15.18347719137773
44.800000000000985,15.199794063249128
45.00000000000099,15.21604007648037
45.20000000000099,15.232215845554041
45.40000000000099,15.24832197757401
45.600000000000996,15.264359071292144
45.800000000001,15.280327715082676
46.000000000001,15.296228493032382
46.200000000001005,15.31206198123969
46.40000000000101,15.327828745137529
46.60000000000101,15.343529346354902
46.80000000000101,15.359164342710415
47.000000000001016,15.374734276533962
47.20000000000102,15.390239693959003
47.40000000000102,15.40568112173883
47.600000000001025,15.421059090040208
47.80000000000103,15.436374117254768
48.00000000000103,15.451626721292103
48.20000000000103,15.466817407886744
48.400000000001036,15.48194667857286
48.60000000000104,15.497015029445377
48.80000000000104,15.512022948635877
49.000000000001044,15.526970920430085
49.20000000000105,15.54185942593637
49.40000000000105,15.556688930624755
49.60000000000105,15.571459906994615
49.800000000001056,15.586172814015185
50.00000000000106,15.60082810858181
50.20000000000106,15.615426238915534
50.400000000001064,15.62996765063972
50.60000000000107,15.644452784836348
50.80000000000107,15.658882074196619
51.00000000000107,15.673255951023556
51.200000000001076,15.687574838013497
51.40000000000108,15.701839153682618
51.60000000000108,15.71604931907142
51.800000000001084,15.730205739802996
52.00000000000109,15.744308820243006
52.20000000000109,15.758358967459651
52.40000000000109,15.772356573363417
52.600000000001096,15.786302031411516
52.8000000000011,15.80019572737277
53.0000000000011,15.81403805063064
53.200000000001104,15.827829373772365
53.40000000000111,15.841570075098712
53.60000000000111,15.855260528137261
53.80000000000111,15.868901095025219
54.000000000001116,15.882492139926848
54.20000000000112,15.896034022350403
54.40000000000112,15.909527097890019
54.600000000001124,15.922971719036662
54.80000000000113,15.936368228489908
55.00000000000113,15.94971697578641
55.20000000000113,15.963018296959879
55.400000000001135,15.976272528974366
55.60000000000114,15.989480005212926
55.80000000000114,16.0026410562793
56.000000000001144,16.015756005962327
56.20000000000115,16.028825176585475
56.40000000000115,16.041848890380173
56.60000000000115,16.054827459112847
56.800000000001155,16.067761195755974
57.00000000000116,16.080650412720047
57.20000000000116,16.093495414681737
57.400000000001164,16.106296502447638
57.60000000000117,16.119053976253028
57.80000000000117,16.131768136864213
58.00000000000117,16.144439273148365
58.200000000001175,16.157067676356277
58.40000000000118,16.16965363559826
58.60000000000118,16.18219743629022
58.800000000001184,16.194699360945183
59.00000000000119,16.207159684802022
59.20000000000119,16.219578690088174
59.40000000000119,16.231956645085706
59.600000000001195,16.24429382388187
59.8000000000012,16.256590493468437
60.0000000000012,16.268846919986405
60.200000000001204,16.281063366955223
60.40000000000121,16.293240090909087
60.60000000000121,16.305377355562648
60.80000000000121,16.317475414155545
61.000000000001215,16.32953451837522
61.20000000000122,16.341554919181632
61.40000000000122,16.353536865205378
61.600000000001224,16.36548060344394
61.800000000001226,16.377386375169984
62.00000000000123,16.389254419266376
62.20000000000123,16.401084978444516
62.400000000001235,16.412878289731378
62.60000000000124,16.424634585218865
62.80000000000124,16.43635409565212
63.00000000000124,16.44803705142898
63.200000000001246,16.45968368281413
63.40000000000125,16.471294213237456
63.60000000000125,16.482868867591872
63.800000000001255,16.4944078651506
64.00000000000125,16.50591142841464
64.20000000000125,16.517379770844524
64.40000000000126,16.52881311097252
64.60000000000126,16.540211660023296
64.80000000000126,16.55157563078851
65.00000000000126,16.562905233342363
65.20000000000127,16.57420067311541
65.40000000000127,16.585462157253655
65.60000000000127,16.596689890129053
65.80000000000128,16.60788407166391
66.00000000000128,16.619044906123186
66.20000000000128,16.630172587170435
66.40000000000128,16.64126731461591
66.60000000000129,16.652329282175263
66.80000000000129,16.663358680879544
67.0000000000013,16.674355708036664
67.2000000000013,16.68532054691688
67.4000000000013,16.696253391495457
67.6000000000013,16.707154426051677
67.8000000000013,16.718023831643205
68.00000000000131,16.728861797305832
68.20000000000131,16.739668501975654
68.40000000000131,16.75044412360545
68.60000000000132,16.761188844806473
68.80000000000132,16.771902840446675
69.00000000000132,16.78258628914651
69.20000000000132,16.793239358396605
69.40000000000133,16.803862226493393
69.60000000000133,16.81445506229589
69.80000000000133,16.825018034192126
70.00000000000134,16.835551313500044
70.20000000000134,16.846055064765455
70.40000000000134,16.85652945211819
70.60000000000134,16.866974642678695
70.80000000000135,16.8773907968149
71.00000000000135,16.887778074565425
71.20000000000135,16.898136638963447
71.40000000000136,16.90846664900826
71.60000000000136,16.91876825813746
71.80000000000136,16.929041622784293
72.00000000000136,16.93928690070048
72.20000000000137,16.949504244113495
72.40000000000137,16.95969380301026
72.60000000000137,16.969855731415276
72.80000000000138,16.97999017783092
73.00000000000138,16.99009728849305
73.20000000000138,17.000177213822177
73.40000000000138,17.0102300987
73.60000000000139,17.02025608583419
73.80000000000139,17.03025532212168
74.00000000000139,17.040227948944207
74.2000000000014,17.05017410818845
74.4000000000014,17.060093940110864
74.6000000000014,17.069987584425128
74.8000000000014,17.07985517536922
75.0000000000014,17.089696853088352
75.20000000000141,17.09951275658195
75.40000000000141,17.109303014331545
75.60000000000142,17.119067763248104
75.80000000000142,17.128807139097738
76.00000000000142,17.13852126727323
76.20000000000142,17.14821028419359
76.40000000000143,17.157874314711876
76.60000000000143,17.167513491619864
76.80000000000143,17.177127940463034
77.00000000000144,17.18671778577643
77.20000000000144,17.196283160025956
77.40000000000144,17.205824180581804
77.60000000000144,17.21534097428549
77.80000000000145,17.22483366560574
78.00000000000145,17.234302374213872
78.20000000000145,17.24374722162785
78.40000000000146,17.253168329460518
78.60000000000146,17.262565814694177
78.80000000000146,17.271939796136035
79.00000000000146,17.28129039265085
79.20000000000147,17.290617718615582
79.40000000000147,17.29992189277618
79.60000000000147,17.309203026158546
79.80000000000148,17.31846123321873
80.00000000000148,17.327696630068832
80.20000000000148,17.33690932529319
80.40000000000148,17.346099433361758
80.60000000000149,17.355267065411436
80.80000000000149,17.364412327420172
81.00000000000149,17.373535331532516
81.2000000000015,17.38263618374202
81.4000000000015,17.39171499299134
81.6000000000015,17.40077186379094
81.8000000000015,17.409806907660453
82.0000000000015,17.418820223351236
82.20000000000151,17.427811915646494
82.40000000000151,17.43678209384546
82.60000000000151,17.44573085442838
82.80000000000152,17.454658302568724
83.00000000000152,17.463564540148045
83.20000000000152,17.47244966664235
83.40000000000153,17.481313779923553
83.60000000000153,17.490156984817528
83.80000000000153,17.498979373536553
84.00000000000153,17.507781047000535
84.20000000000154,17.516562102781364
84.40000000000154,17.525322636264686
84.60000000000154,17.534062743663384
84.80000000000155,17.542782520594688
85.00000000000155,17.551482060342547
85.20000000000155,17.560161457213795
85.40000000000155,17.56882080733313
85.60000000000156,17.577460196936467
85.80000000000156,17.586079720924428
86.00000000000156,17.594679470926508
86.20000000000157,17.603259539109512
86.40000000000157,17.611820013340143
86.60000000000157,17.620360983251146
86.80000000000157,17.62888253666998
87.00000000000158,17.637384762061796
87.20000000000158,17.64586774748504
87.40000000000158,17.6543315813582
87.60000000000159,17.66277634796941
87.80000000000159,17.671202136042012
88.00000000000159,17.67960902449097
88.2000000000016,17.68799710360324
88.4000000000016,17.69636645530648
88.6000000000016,17.704717164602915
88.8000000000016,17.71304931223474
89.0000000000016,17.721362983666896
89.20000000000161,17.729658254374357
89.40000000000161,17.73793521400095
89.60000000000161,17.74619393845478
89.80000000000162,17.754434506907934
90.00000000000162,17.762657002093995
90.20000000000162,17.770861500991217
90.40000000000163,17.77904808380988
90.60000000000163,17.787216826455975
90.80000000000163,17.795367809617666
91.00000000000163,17.80350110940142
91.20000000000164,17.811616800204657
91.40000000000164,17.819714961093695
91.60000000000164,17.82779566415634
91.80000000000165,17.835858987483938
92.00000000000165,17.843905006158135
92.20000000000165,17.851933790704113
92.40000000000165,17.859945417884273
92.60000000000166,17.8679399612429
92.80000000000166,17.875917492593228
93.00000000000166,17.883878084563182
93.20000000000167,17.89182180683038
93.40000000000167,17.899748732301894
93.60000000000167,17.907658932347793
93.80000000000167,17.91555247517738
94.00000000000168,17.923429435109977
94.20000000000168,17.9312898794645
94.40000000000168,17.93913387517434
94.60000000000169,17.946961492535454
94.80000000000169,17.95477280031249
95.00000000000169,17.962567869346667
95.2000000000017,17.970346760776813
95.4000000000017,17.978109544631195
95.6000000000017,17.985856287969234
95.8000000000017,17.99358705596671
96.0000000000017,18.00130191470839
96.20000000000171,18.009000930098583
96.40000000000171,18.016684168587147
96.60000000000171,18.02435168993828
96.80000000000172,18.032003561444146
97.00000000000172,18.0396398483305
97.20000000000172,18.047260611882262
97.40000000000173,18.054865912895366
97.60000000000173,18.062455820710337
97.80000000000173,18.070030390229803
98.00000000000173,18.07758968625254
98.20000000000174,18.085133771968525
98.40000000000174,18.092662706204873
98.60000000000174,18.10017655011222
98.80000000000175,18.1076753630978
99.00000000000175,18.11515920820811
99.20000000000175,18.122628142826233
99.40000000000175,18.130082225336444
99.60000000000176,18.1375215176433
99.80000000000176,18.14494607615764
